Calendar Year,County,Number of Retail Locations,Non-Ethanol Gasoline Sales (in gallons),Ethanol Gasoline Sales (in gallons),Clear and Dyed Diesel Sales (in gallons),Clear and Dyed Biodiesel Sales (in gallons)	,Pure Biodiesel Sales (in gallons),Biofuel Distribution Percentage
2012,Adair,12,1557206,6642836,4078004,691006,,9.12
2012,Allamakee,15,1479566,6239864,2077975,50642,,8.12
2012,Appanoose,15,833572,4780801,1089620,466752,,8.93
2012,Audubon,8,346217,2232881,777764,859692,,10.37
2012,Benton,26,2669341,7896317,5596755,1581181,,8.26
2012,Black Hawk,69,10151267,49686355,8471327,17694145,,10.74
2012,Boone,13,1266317,8606144,1793978,300962,,8.89
2012,Bremer,15,2072919,9323327,2723748,78303,,8.21
2012,Buchanan,17,1472987,7624165,1895849,1318177,,8.67
2012,Buena Vista,27,1268469,8740143,5878092,239039,,9.24
2012,Butler,15,981776,5523329,1244062,1388564,,9.39
2012,Calhoun,19,549472,3877823,1403975,0,,8.85
2012,Carroll,26,2294422,7502374,8033765,10472,,8.34
2012,Cass,16,965237,6884581,1893878,408929,,9.4
2012,Cedar,20,1692805,8451964,3786368,12823092,,10.63
2012,Cerro Gordo,30,5681692,25977015,1729405,17887978,,14.2
2012,Cherokee,14,933621,4002457,1638504,424457,,8.9
2012,Chickasaw,13,1267598,5606321,2622316,1753935,,10.06
2012,Clarke,9,1572169,5984991,1912738,8667042,,18.13
2012,Clay,27,1089858,7207551,2452962,687184,,10.71
2012,Clayton,25,2037360,7680689,1579823,357371,,8.26
2012,Clinton,32,2996135,24010504,10200082,77856,,9.1
2012,Crawford,15,1549150,5408633,4486506,1065,,8.61
2012,Dallas,38,6534785,32132701,5395258,3231092,,9.13
2012,Davis,5,308569,1728120,562705,0,,8.48
2012,Decatur,6,759189,2466651,334745,171968,,9.36
2012,Delaware,15,1538054,7092971,2238391,1225101,,9.34
2012,Des Moines,21,3215899,12679951,1332314,374808,,8.09
2012,Dickinson,25,3234543,6750477,1742488,244036,,7.67
2012,Dubuque,70,15531979,36254336,7427252,4139469,,7.74
2012,Emmet,12,704860,4055984,1136881,1127937,,10.4
2012,Fayette,22,1208883,7446643,16784033,86558,,9.74
2012,Floyd,16,1646468,6095976,4773186,209650,,9.14
2012,Franklin,16,537699,4518010,4013627,377288,,9.83
2012,Fremont,9,891149,3401612,2327073,144288,,8.67
2012,Greene,11,382937,3348322,1367208,0,,8.97
2012,Grundy,15,1133621,5964334,5118353,2212784,,9.74
2012,Guthrie,14,604341,4022198,1196253,0,,9.15
2012,Hamilton,20,1427208,6723465,4283346,3100020,,10.38
2012,Hancock,12,644841,2981122,3081546,29606,,8.81
2012,Hardin,25,1468873,8230164,5608991,56928,,8.51
2012,Harrison,19,1645477,5821607,3368393,218297,,8.08
2012,Henry,19,1092549,6002810,1004261,122595,,10.01
2012,Howard,11,795343,3873388,2232796,521192,,9.09
2012,Humboldt,14,655841,3534046,3162501,93418,,9.42
2012,Ida,12,562577,2772357,1639017,184877,,10.16
2012,Iowa,18,2072473,7620685,2407957,657696,,8.72
2012,Jackson,21,1312341,6348707,4011483,28434,,8.29
2012,Jasper,31,2835227,15821048,10659964,5629675,,10.28
2012,Jefferson,16,1414695,4640041,1825906,1135771,,9.7
2012,Johnson,58,10298519,37749378,4255971,5412388,,9
2012,Jones,15,1421013,6798840,2957325,0,,8.25
2012,Keokuk,12,682455,3902198,1032105,1725764,,11.1
2012,Kossuth,19,1270029,7269037,9887029,449781,,9.34
2012,Lee,22,3706491,12648734,4356936,117750,,7.84
2012,Linn,94,15088079,77556050,10280258,3474734,,9.22
2012,Louisa,9,545334,3722812,1043704,728969,,9.75
2012,Lucas,9,607300,2680240,225795,2261069,,10.35
2012,Lyon,14,1463794,5120440,2796418,21887,,8.35
2012,Madison,12,1312982,7006617,6490062,1625706,,9.84
2012,Mahaska,17,1048350,9175895,3230774,2682976,,11.07
2012,Marion,28,1627390,12489086,1944501,201063,,9.18
2012,Marshall,26,3017930,11734314,3129217,1241,,7.93
2012,Mills,10,1325756,4467163,1557310,159446,,7.92
2012,Mitchell,12,916146,3354310,689483,0,,8.12
2012,Monona,13,1415499,4833112,4166855,1013991,,9.54
2012,Monroe,7,454021,3039040,123427,0,,8.7
2012,Montgomery,9,706686,2763640,947371,0,,8.16
2012,Muscatine,23,2361789,13504308,3294952,128316,,8.69
2012,OBrien,23,1594052,5888274,4205427,286830,,8.72
2012,Osceola,10,405917,2045239,2669896,20324,,8.73
2012,Page,10,979351,4901000,725455,464481,,8.89
2012,Palo Alto,16,683998,4006874,4081513,0,,9.44
2012,Plymouth,18,3501862,9565952,13129847,1290553,,8.16
2012,Pocahontas,8,456479,2666905,5374847,299837,,8.96
2012,Polk,183,40079583,173243607,29642234,57297506,,11.67
2012,Pottawattamie,53,10621562,35671029,8570147,25960835,,11.78
2012,Poweshiek,20,3359865,10744859,11399116,12097099,,17.45
2012,Ringgold,6,231539,1273918,2084618,,,8.46
2012,Sac,18,974303,4486690,2315537,4506,,8.22
2012,Scott,96,12999272,98638931,5462876,48654908,,14.5
2012,Shelby,14,1092917,3503746,4431169,1255589,,9.69
2012,Sioux,33,3654857,9715339,9665805,4893488,,11.15
2012,Story,45,7279851,32795953,2416770,2151442,,8.96
2012,Tama,19,1247825,5672438,3879700,22351,,8.36
2012,Taylor,7,383788,1991594,1333320,,,9.17
2012,Union,13,798652,4929075,1200698,,,8.61
2012,Van Buren,9,480380,2149270,722050,76885,,8.37
2012,Wapello,26,5992013,23701538,7694074,3719248,,8.98
2012,Warren,28,2896628,20157670,1140767,1278944,,9.49
2012,Washington,23,2499966,10278566,4056953,9747556,,14.25
2012,Wayne,9,395895,1966067,138655,596435,,8.98
2012,Webster,36,2061402,15814277,3497435,100661,,9.26
2012,Winnebago,18,1045676,4286587,2302093,17350,,8.51
2012,Winneshiek,19,1810048,7993616,5111052,233805,,8.28
2012,Woodbury,61,11565782,36811550,7736870,1840817,,8.26
2012,Worth,9,1402286,3938226,684761,259865,,8
2012,Wright,23,1137896,4829875,2975180,165688,,7.57
2013,Adair,12,1591221,6893421,4153996,429577,,9.85
2013,Allamakee,19,1532728,6239247,1829744,639669,,11.64
2013,Appanoose,15,748360,4617147,1386849,401997,,8.44
2013,Audubon,8,295098,2211311,1086490,1169712,,9.01
2013,Benton,22,2612191,8888471,3620650,1401110,,11.15
2013,Black Hawk,68,9951778,46035760,7339163,17481975,,8.5
2013,Boone,14,1270992,8692158,2588025,383616,,11.1
2013,Bremer,14,2200692,9229073,2768021,44154,,9.01
2013,Buchanan,18,1553953,6846580,1762984,1290416,,8.09
2013,Buena Vista,22,1090070,8321688,5262762,0,,8.5
2013,Butler,12,996515,5132022,959080,1224802,,9.26
2013,Calhoun,11,689001,4737016,2684438,0,,11.76
2013,Carroll,24,1962491,7573010,8642857,85448,,8.73
2013,Cass,18,1130883,7693066,4032158,116206,,9.05
2013,Cedar,19,1611468,7925744,4486620,13071750,,9.38
2013,Cerro Gordo,31,5444824,24829867,3246410,16654758,,21.1
2013,Cherokee,14,923533,4244669,2526267,300965,,14.05
2013,Chickasaw,12,1444738,5717920,4392432,1906479,,9.32
2013,Clarke,7,1372638,5476120,1466380,8878211,,10.32
2013,Clay,25,1090044,6876522,2509267,457427,,20.22
2013,Clayton,22,1947281,7165441,1580535,284528,,10.69
2013,Clinton,28,3098435,19905060,9028227,121735,,8.17
2013,Crawford,15,1397619,5732766,4783589,36650,,8.88
2013,Dallas,36,6218779,31641888,5120648,3685230,,9.44
2013,Davis,5,388554,2030162,446424,0,,9.63
2013,Decatur,5,824474,2255201,264056,156326,,8.39
2013,Delaware,13,1069016,5606423,2229581,0,,9
2013,Des Moines,27,3123038,13486045,1801868,38701,,8.97
2013,Dickinson,28,2479063,7471699,2695875,223406,,8.13
2013,Dubuque,55,10670984,30532182,8890282,2087830,,8.47
2013,Emmet,10,619157,3583411,1181012,1141382,,8.07
2013,Fayette,18,1040802,6312854,17071507,80642,,10.77
2013,Floyd,17,1755468,5663596,4346364,242344,,9.34
2013,Franklin,15,850901,5005663,4262010,777870,,8.42
2013,Fremont,8,707702,4072297,1176000,9675061,,9.87
2013,Greene,10,456257,3685357,1211214,89798,,27.85
2013,Grundy,15,1135417,5621804,5533353,2022588,,9.09
2013,Guthrie,11,723973,4750699,1188591,8340494,,8.63
2013,Hamilton,18,1376490,6679232,3343880,3192385,,16.95
2013,Hancock,12,733096,3515035,3853556,69442,,11.78
2013,Hardin,20,1184149,7255440,5151734,334245,,8.8
2013,Harrison,18,1351097,5853375,3520710,103749,,8.82
2013,Henry,16,1721823,9037938,739264,217466,,8.71
2013,Howard,13,837042,4665182,3709886,798601,,8.64
2013,Humboldt,15,783752,4115397,3577708,24328,,10.96
2013,Ida,12,604480,2817645,2042675,914880,,8.41
2013,Iowa,16,1884893,6333893,4174091,625737,,10.12
2013,Jackson,20,1279470,6760832,3256456,50417,,8.53
2013,Jasper,29,2943408,16114198,3351715,15376591,,8.54
2013,Jefferson,15,1211705,4220567,1663459,1161752,,15.42
2013,Johnson,57,9052021,38848448,4947062,5568950,,10.85
2013,Jones,11,1170119,6368638,2264405,1122,,9.77
2013,Keokuk,12,748499,4293549,1413410,1385519,,8.45
2013,Kossuth,19,1473893,7766008,11980132,6167125,,11.44
2013,Lee,26,3088426,14714657,4940697,509512,,12.63
2013,Linn,89,16095788,78522584,10154292,5074184,,8.45
2013,Louisa,8,562226,3757957,663898,241268,,9.56
2013,Lucas,10,698273,3072648,223647,2102922,,9.6
2013,Lyon,13,1255451,4670415,2987109,46407,,11.27
2013,Madison,11,1350772,7058276,6628224,1343939,,8.57
2013,Mahaska,16,1103673,9214026,3016397,2964623,,10.2
2013,Marion,23,1609269,12729095,3026030,251475,,11.38
2013,Marshall,26,2691363,11748586,1565311,1094911,,9.26
2013,Mills,10,1099372,4215277,2052354,675495,,8.52
2013,Mitchell,12,915362,3473534,352132,167809,,8.57
2013,Monona,10,1275044,4157208,3283129,1281363,,9.21
2013,Monroe,6,427688,3015190,121000,0,,11.32
2013,Montgomery,12,878628,3796289,1512959,0,,8.76
2013,Muscatine,20,2108242,13635990,2718418,357949,,9.56
2013,OBrien,23,1520830,5928896,3023218,185973,,10.06
2013,Osceola,7,434403,2041939,2489462,44721,,8.87
2013,Other,9,823587,5363183,681903,478158,,
2013,Page,13,799763,3612569,2592547,174107,,9.21
2013,Palo Alto,21,2892389,8201595,4943780,63713,,9.35
2013,Plymouth,9,461218,2749985,5693164,71887,,9.12
2013,Pocahontas,188,42447471,166859941,17734427,65078180,,7.84
2013,Polk,66,13436163,51966980,9199439,29032160,,8.78
2013,Pottawattamie,19,3481194,10488431,8594429,14734577,,11.1
2013,Poweshiek,5,191769,1132064,1610049,66990,,12.41
2013,Ringgold,16,918130,4595729,2353069,0,,18.36
2013,Sac,86,8551677,89366399,6344185,54340336,,8.82
2013,Scott,12,950512,3581209,3370857,1049711,,8.33
2013,Shelby,32,3981209,9648588,9520967,830465,,15.7
2013,Sioux,45,7148134,31708015,3108582,2695208,,9.74
2013,Story,17,1252524,5563047,3918235,34698,,7.82
2013,Tama,12,815784,4810256,1125040,252071,,9.36
2013,Union,10,462619,2326540,782235,110677,,9.06
2013,Van Buren,29,3020441,14290037,1431993,3541713,,8.97
2013,Wapello,25,2811529,19740011,1106573,1220821,,8.54
2013,Warren,24,2280378,10359864,4425026,8591169,,10.37
2013,Washington,7,332919,1924253,79602,720010,,9.66
2013,Wayne,28,2331310,16085328,3555439,123917,,14.57
2013,Webster,17,868633,4512454,2350080,47870,,10.12
2013,Winnebago,18,1888095,7962446,5481466,9808,,9.16
2013,Winneshiek,62,10877551,37679386,7677269,16770573,,9.02
2013,Woodbury,8,1465477,3633011,537016,318276,,8.09
2013,Worth,21,1149709,4831891,2893757,169966,,11.09
2013,Wright,8,469897,2768832,755776,0,,7.48
2014,Adair,11,1498410,7153133,1321561,432515,,10.24
2014,Allamakee,16,1322461,6096143,1007143,581356,,8.68
2014,Appanoose,14,389801,4504969,1471576,396831,,9.79
2014,Audubon,7,211272,2251831,1804137,477334,,10.15
2014,Benton,17,1096102,7993274,2399618,125858,,9
2014,Black Hawk,62,9074884,46272539,6649975,17284847,,11.84
2014,Boone,14,1193860,9107604,1900618,333389,,9.07
2014,Bremer,13,2262557,9093542,2283837,38062,,7.02
2014,Buchanan,18,1368303,7718064,2414267,172974,,8.59
2014,Buena Vista,26,1179545,10265077,6308029,0,,9.73
2014,Butler,13,749377,4405617,486123,1169292,,9.12
2014,Calhoun,15,384323,3969251,2535128,0,,9.79
2014,Carroll,29,1764296,9192933,9614854,328098,,9.41
2014,Cass,17,913270,7872401,4423588,209332,,9.52
2014,Cedar,18,1528116,8791090,4362994,12898052,,20.13
2014,Cerro Gordo,28,4347752,22000207,1808321,16496314,,15.68
2014,Cherokee,14,655089,4490381,2316384,352231,,9.96
2014,Chickasaw,12,1331510,5668456,3056476,2088216,,11.14
2014,Clarke,9,1108077,5968259,1062938,8384848,,20.7
2014,Clay,23,1263809,6318132,4404199,63526,,9.38
2014,Clayton,24,1447824,7777262,1630326,260101,,8.65
2014,Clinton,30,2318379,20213142,8300150,713020,,9.67
2014,Crawford,15,1359812,6862022,6583810,15848,,9.55
2014,Dallas,31,5953085,32110286,3990590,3701973,,9.6
2014,Decatur,7,652485,2774250,807698,173042,,9.77
2014,Delaware,15,923804,7284529,2291045,1073247,,10.08
2014,Des Moines,20,3122262,13370454,1921214,0,,7.99
2014,Dickinson,24,2236414,7790336,2352997,73936,,8.55
2014,Dubuque,66,15161915,83300705,13574401,20460061,,9.78
2014,Emmet,9,540794,3833687,1192329,1153940,,10.88
2014,Fayette,20,1534546,7215758,17445237,79941,,8.74
2014,Floyd,15,1258966,5865627,3948103,210968,,9
2014,Franklin,14,601746,5164500,2741387,1316656,,10.59
2014,Fremont,9,1538424,6407869,5598653,10905457,,23.97
2014,Greene,11,516582,3794825,1410312,76196,,9.49
2014,Grundy,12,722462,5755981,3610481,2077390,,10.72
2014,Guthrie,11,409181,4562162,1058652,8723861,,23.99
2014,Hamilton,8,880191,5065447,502665,3017805,,12.67
2014,Hancock,11,636572,3391038,4008132,51677,,9.4
2014,Hardin,19,906990,6758064,1875581,755987,,9.33
2014,Harrison,17,700365,6895501,3737596,9569,,9.79
2014,Henry,18,1104543,10983244,1119923,1786031,,11.28
2014,Howard,10,529036,3701477,2328286,545491,,9.57
2014,Humboldt,15,650408,4140377,5182877,199081,,9.68
2014,Ida,11,753721,2671331,2296151,24700,,9.78
2014,Iowa,17,1685810,8245502,3638767,703936,,9.1
2014,Jackson,20,1155313,7537085,4804413,47965,,9.15
2014,Jasper,25,2090382,16161763,4937367,14474553,,21.43
2014,Jefferson,17,965426,5366263,1340769,872770,,10.97
2014,Johnson,59,7256034,42120533,5491589,5996647,,10
2014,Jones,13,1015306,7613913,2451459,625510,,9.19
2014,Keokuk,12,479984,4074623,1490958,1244936,,12.27
2014,Kossuth,19,831912,7348765,9969709,623538,,10.34
2014,Lee,25,2211605,14172050,4983207,750052,,8.91
2014,Linn,87,12034833,82057462,10082793,5465565,,9.99
2014,Louisa,8,498196,3927182,907161,1500,,9.59
2014,Lucas,7,386742,2792741,0,2954842,,14.02
2014,Lyon,14,1057317,5736378,2973901,28161,,9.08
2014,Madison,11,1085956,7451061,6963751,937871,,10.29
2014,Mahaska,17,881781,9360011,4103878,1674268,,10.87
2014,Marion,23,1286777,13030314,3883494,45098,,9.5
2014,Marshall,23,2339616,11938211,0,1433929,,8.85
2014,Mills,10,545640,5153586,2747781,176714,,9.3
2014,Mitchell,10,641835,3402518,296170,196725,,10.22
2014,Monona,11,1461969,5194939,3866940,1443066,,11.41
2014,Monroe,6,345779,3196583,251083,0,,9.02
2014,Montgomery,7,528213,3031375,915801,0,,8.69
2014,Muscatine,22,2474144,13732211,3020067,557706,,9.63
2014,OBrien,19,988379,6017423,2936478,162858,,9.61
2014,Osceola,7,225202,2320250,2684273,33491,,10.04
2014,Other,6,414135,2859966,403002,0,,0
2014,Page,9,569651,5687711,654355,528614,,9.82
2014,Palo Alto,11,402304,4138723,3102539,0,,10.23
2014,Plymouth,23,2227743,8906007,5019694,23614,,7.99
2014,Pocahontas,9,314398,2497266,6045005,13897,,8.91
2014,Polk,185,38839714,172243978,24225407,65283768,,11.83
2014,Pottawattamie,62,6198152,54070245,9297117,24749878,,13.64
2014,Poweshiek,17,1644167,9920533,7021709,15801977,,23.35
2014,Ringgold,6,170993,1316181,1542837,78906,,9.55
2014,Sac,17,605237,4680871,2365506,0,,8.86
2014,Scott,80,5103629,84949581,8392065,53031793,,16.22
2014,Shelby,13,589550,4234769,3525076,1156654,,10.77
2014,Sioux,32,2654555,10144522,10908799,728436,,8.45
2014,Story,43,5690612,33401636,4200299,2914491,,9.83
2014,Tama,15,748602,7646450,2162486,29993,,9.22
2014,Taylor,7,117813,2060240,652525,0,,10.23
2014,Union,11,655840,4912306,994580,387661,,9.65
2014,Van Buren,8,263791,2310183,750257,83592,,9.14
2014,Wapello,27,2091158,15126339,-801913,3887157,,11.3
2014,Warren,25,2619897,19196877,1536120,1006207,,9.97
2014,Washington,25,1652781,12043839,5139207,8512326,,15.95
2014,Wayne,7,228303,1934472,338587,577248,,10.28
2014,Webster,28,1571849,15399044,4276273,105092,,9.64
2014,Winnebago,18,687690,4729297,2339227,102902,,10.23
2014,Winneshiek,17,1608062,7442880,3358248,4233,,7.22
2014,Woodbury,50,8154512,37682679,12717794,15493480,,12.73
2014,Worth,10,1994348,3254648,501566,457575,,6.87
2014,Wright,20,855439,5093199,3686045,100681,,8.91
2015,Adair,17,1343499,6099959,5367840,244533,,9.62
2015,Allamakee,15,654927,4868178,2356279,403749,,8.38
2015,Appanoose,7,188819,1770154,1735839,375979,,9.35
2015,Audubon,23,1222760,9105211,3529864,171230,,11.18
2015,Benton,67,9296676,47990028,8041775,14510649,,10.03
2015,Black Hawk,14,1260377,9259121,2084018,332672,,11.75
2015,Boone,15,2158638,9677843,2720216,26776,,9.09
2015,Bremer,17,1276589,8019066,1928789,86804,,8.19
2015,Buchanan,23,1155246,8409080,1866166,112875,,8.7
2015,Buena Vista,13,1280217,5992834,1388082,882832,,9.54
2015,Butler,15,345522,4136925,4183238,0,,9.27
2015,Calhoun,27,1698945,9320092,10372523,224401,,10.6
2015,Carroll,17,919650,8229840,4301266,272140,,9.42
2015,Cass,22,1863900,9659187,7406226,12494605,,9.6
2015,Cedar,28,5324371,27580803,6181862,15527150,,21.02
2015,Cerro Gordo,16,775277,4505298,1956726,553848,,14.68
2015,Cherokee,14,1386687,5889505,5303527,2828308,,9.75
2015,Chickasaw,10,1270411,6451369,2513288,7775165,,12.1
2015,Clarke,23,1158533,7568489,6028951,92661,,22.09
2015,Clay,23,1586749,8835365,2732125,213232,,10.26
2015,Clayton,29,2309804,18735435,8054892,1403323,,9.24
2015,Clinton,14,1055809,5981113,4119098,122001,,9.74
2015,Crawford,36,6677977,33975045,4941108,5521460,,10.01
2015,Dallas,7,230114,2205655,1321005,436173,,9.81
2015,Davis,8,691485,2799583,580339,196698,,10.03
2015,Decatur,15,882038,7050094,2429338,498443,,9.71
2015,Delaware,23,3258815,13967064,1507643,0,,9.9
2015,Des Moines,27,2133252,8196639,2764982,109544,,8.11
2015,Dickinson,69,14138283,84889429,21012050,14488623,,8.67
2015,Dubuque,10,512902,3779562,1556450,1228191,,9.57
2015,Emmet,24,1984946,9661786,3382010,128607,,11.4
2015,Fayette,12,613464,4063381,2809318,1375098,,8.73
2015,Floyd,14,618633,5594049,4776813,466432,,10.52
2015,Franklin,9,675524,7181090,6585028,11220589,,10.16
2015,Fremont,13,300113,4256089,3146725,80187,,27.55
2015,Greene,14,780649,6493076,6358536,1992512,,9.51
2015,Grundy,14,572443,4547056,1410663,8414075,,10.59
2015,Guthrie,17,1172700,7496241,4299226,2988740,,29.97
2015,Hamilton,14,626172,4196090,4212385,173899,,12.42
2015,Hancock,21,801974,6793313,5914902,450294,,9.65
2015,Hardin,20,854634,7220530,4395714,110695,,9.41
2015,Harrison,21,1286049,14917428,2846166,7548818,,9.59
2015,Henry,12,535457,3659055,2599056,539430,,15.11
2015,Howard,13,646865,3816264,3870344,182533,,11.06
2015,Humboldt,11,443887,3017209,1853660,423445,,9.91
2015,Ida,49,3150153,16781250,11760360,2186303,,10.91
2015,Iowa,21,1350171,8086875,4943825,24280,,9.45
2015,Jackson,29,2294757,16699034,9625634,11096621,,9.04
2015,Jasper,15,995063,5200087,1788782,930517,,16.97
2015,Jefferson,61,7771791,42345358,6304157,5559199,,11.25
2015,Johnson,14,1007492,7769995,3508695,0,,10.09
2015,Jones,12,546722,3694492,1585337,1201706,,9.32
2015,Keokuk,18,1065931,6868662,10442957,91229,,12.54
2015,Kossuth,27,2267764,13979176,3052459,1270369,,9.61
2015,Lee,94,14292357,81533170,16947137,4959239,,9.88
2015,Linn,10,549581,4052669,1048172,902580,,9.85
2015,Louisa,8,539769,2633718,463636,3326195,,10.79
2015,Lucas,17,1023345,5640793,3596736,231728,,14.41
2015,Lyon,11,1004433,6993944,7202281,1301006,,9.28
2015,Madison,16,942704,9118084,2200401,1675990,,10.81
2015,Mahaska,23,2055283,13797156,3878327,564912,,10.4
2015,Marion,23,2572210,13084803,4110168,1352155,,10.01
2015,Marshall,11,547598,5101765,2391948,447673,,8.98
2015,Mills,10,610593,3361419,425320,277808,,9.76
2015,Mitchell,16,1019179,5367719,4111089,1998206,,11.03
2015,Monona,9,742506,4159570,3592387,0,,12.69
2015,Montgomery,20,2401447,13075548,1972696,575617,,9.2
2015,Muscatine,22,1002609,6340366,3708138,322856,,10.24
2015,OBrien,7,557955,1996610,2429958,34399,,9.61
2015,Osceola,6,600228,4460994,1063694,0,,7.98
2015,Page,11,686165,5620109,1545383,714998,,9.98
2015,Palo Alto,12,428242,4138871,3832152,127315,,10.71
2015,Plymouth,20,2272328,9612838,15247465,1099249,,8.72
2015,Pocahontas,9,311744,2788507,6892881,16506,,9.25
2015,Polk,184,37875255,179477319,34445509,43595531,,11.51
2015,Pottawattamie,71,7140785,58585756,25063883,42644651,,17.31
2015,Poweshiek,20,2132103,15110332,9561529,24182555,,27.22
2015,Ringgold,5,127911,847834,372387,199962,,12.6
2015,Sac,17,581426,4896801,1974180,188350,,11.23
2015,Scott,82,5051235,75429524,11569714,36145854,,15.11
2015,Shelby,14,505119,3982237,4455148,499687,,10.18
2015,Sioux,35,3222774,11962246,17949303,681625,,9.13
2015,Story,43,5556986,34314771,3609958,2879572,,10.04
2015,Tama,17,761037,6050426,2974445,22039,,9.05
2015,Taylor,8,182643,2078039,898347,0,,9.84
2015,Union,12,717107,5462239,1248538,322052,,9.8
2015,Van Buren,8,266087,2255603,1337827,246504,,9.69
2015,Wapello,25,2063601,14509982,1754772,3518839,,11.28
2015,Warren,28,2861203,23765762,1830807,1366201,,9.93
2015,Washington,25,1539886,11143584,4926378,8198409,,16.47
2015,Wayne,9,220610,2330464,1164503,580602,,10.37
2015,Webster,36,1913719,16940095,4946739,198118,,9.58
2015,Winnebago,20,691254,4949791,3569116,431951,,10.68
2015,Winneshiek,16,1527291,7665624,5804970,128401,,8.76
2015,Woodbury,52,7816509,39952209,10619035,15841847,,12.97
2015,Worth,9,421048,5045846,415754,373829,,10.3
2015,Wright,18,824964,4877698,2181604,23822,,8.88
2016,Adair,11,1539644,7734739,3674613,478950,,10.46
2016,Adams,19,1382114,6092862,5269089,647068,,9.54
2016,Allamakee,14,463893,4814400,2330873,473958,,8.93
2016,Audubon,6,202186,2280469,1811040,634023,,10.62
2016,Benton,22,1236679,8786703,6608616,110807,,9.58
2016,Black Hawk,64,9060944,46271506,7152729,15331809,,12.24
2016,Boone,12,1342145,9958148,3180374,376125,,9.2
2016,Bremer,17,2114712,10423151,2594216,887075,,9.17
2016,Buchanan,16,1710098,8873820,13412979,693975,,8.72
2016,Buena Vista,22,1221431,9870579,5255641,579977,,10.47
2016,Butler,13,956835,5858925,1256941,138869,,9.18
2016,Calhoun,16,401481,4690197,4239739,343760,,11.36
2016,Carroll,25,1654381,10984365,10135985,470759,,10.07
2016,Cass,14,868395,7189201,4018846,139484,,9.44
2016,Cedar,18,1602067,9087086,4046705,11480989,,23.77
2016,Cerro Gordo,34,5235046,29679367,4807094,16519353,,15.38
2016,Cherokee,13,671202,5231699,1502262,712237,,11.26
2016,Chickasaw,12,1397673,5979407,4828174,3368082,,12.89
2016,Clarke,10,1472947,6667529,3800535,7352984,,20.86
2016,Clay,24,1266357,7034539,3727454,433586,,9.95
2016,Clayton,25,1581114,7292421,1483029,489933,,9.09
2016,Clinton,24,2128811,19677151,8410350,2168761,,10.67
2016,Crawford,11,748996,5083907,1774160,638839,,9.87
2016,Dallas,37,6679298,37092867,9004841,4349358,,10.06
2016,Davis,7,324980,2270609,1162786,718049,,10.17
2016,Decatur,6,358989,2410992,322210,232634,,9.99
2016,Delaware,13,1014744,6497660,1986620,262067,,9.56
2016,Des Moines,21,3133770,14181875,2027388,27716,,8.37
2016,Dickinson,22,1793327,7717353,1460668,25285,,8.65
2016,Dubuque,63,13663854,85755064,15205863,20265147,,10.18
2016,Emmet,8,492679,3525775,1127420,1016957,,11.8
2016,Fayette,20,1845535,7022970,14785996,185886,,8.37
2016,Floyd,15,1235580,6784642,3875719,1606578,,10.47
2016,Franklin,11,476813,3580764,3030668,202938,,10.1
2016,Fremont,8,373687,4656500,1098401,11276770,,40.67
2016,Greene,11,320205,4414116,1688185,128092,,9.6
2016,Grundy,14,798672,6621546,5542769,1720284,,10.34
2016,Guthrie,13,602738,5130010,1340136,8298995,,29.76
2016,Hamilton,20,1076294,8109532,4881357,2677371,,13.38
2016,Hancock,11,540086,2837554,3686616,123744,,8.62
2016,Hardin,22,816053,7721660,6640374,52967,,9.12
2016,Harrison,19,876192,8074712,4843421,878214,,9.98
2016,Henry,16,1137288,17753407,925977,10156299,,16.66
2016,Howard,11,652857,3915069,2594627,967603,,11.21
2016,Humboldt,15,766055,4280690,5108836,344164,,9.85
2016,Ida,12,400159,3350486,2510967,0,,10.59
2016,Iowa,90,5781755,30832709,19431252,10748098,,12.45
2016,Jackson,14,1132828,6979356,4199171,550577,,9.93
2016,Jasper,32,2109667,16619520,4888252,13253219,,18.74
2016,Jefferson,16,952717,5371277,1703327,1119784,,11.9
2016,Johnson,58,8272148,45701494,3094752,6476225,,10.53
2016,Jones,11,1145664,7205546,1553435,1280013,,9.24
2016,Keokuk,9,499023,3959770,1683848,725746,,11.9
2016,Kossuth,16,924355,6562333,8633964,354680,,9.88
2016,Lee,21,2077852,12490398,1597497,1619112,,9.27
2016,Linn,90,14613519,85822617,18560086,5996964,,10.09
2016,Louisa,9,561418,4605290,1169043,254678,,9.95
2016,Lucas,8,408462,2662970,311869,2048483,,13.27
2016,Lyon,12,942449,5748507,1898103,990308,,10.59
2016,Madison,10,906381,7258538,6634634,1122143,,10.75
2016,Mahaska,15,756986,9110945,2296337,1627614,,10.55
2016,Marion,22,1741381,13258954,6044014,396801,,10.36
2016,Marshall,25,2658499,14691059,4329669,1149207,,8.84
2016,Mills,10,695349,5003670,2410842,148010,,9.19
2016,Mitchell,10,627772,3390887,671091,170109,,10.72
2016,Monona,12,852980,5329177,1549274,2245388,,15.04
2016,Montgomery,16,1404914,5106459,3249788,529767,,9.77
2016,Muscatine,19,2405183,12891582,1857756,300652,,9.83
2016,OBrien,19,849490,5508349,2292102,263998,,9.25
2016,Osceola,8,232318,2357126,2653192,19163,,10.14
2016,Other,10,583445,4360541,619185,71899,,9.45
2016,Page,7,566751,4940807,517497,73811,,9.07
2016,Palo Alto,10,439559,4022822,3051720,130239,,9.96
2016,Plymouth,18,2583928,10104033,16788142,1265514,,8.9
2016,Pocahontas,10,421328,3484561,13712337,0,,9.05
2016,Polk,189,35778729,195062462,36224573,44150831,,11.98
2016,Pottawattamie,58,8020959,52506283,12497683,35741534,,17.31
2016,Poweshiek,18,1506130,12393839,6029642,15808593,,26.11
2016,Ringgold,7,169920,1419019,371453,543110,,13.74
2016,Sac,16,598323,5146805,1274939,669327,,12.47
2016,Scott,81,5763983,73050772,10779876,58475128,,19.25
2016,Shelby,13,522926,4543151,3707386,182080,,9.87
2016,Sioux,34,3177752,12645987,15523883,1417358,,9.22
2016,Story,43,5263777,35466153,2734209,3149732,,10.4
2016,Tama,16,676197,5763753,3230102,16017,,9.05
2016,Taylor,6,211867,1803114,289082,522841,,10.47
2016,Union,10,504893,4494664,803679,755407,,10.74
2016,Van Buren,8,288246,2249833,769902,284935,,9.72
2016,Wapello,29,2063474,14381080,2316461,3354751,,11.88
2016,Warren,29,2873918,21957087,1789958,1722403,,10.17
2016,Washington,21,1479783,9769155,2585990,8155025,,17.13
2016,Wayne,9,460021,2225063,1323951,619894,,9.51
2016,Webster,34,1668432,15688045,3090555,625979,,9.95
2016,Winnebago,15,580027,4142445,2627373,370812,,10.85
2016,Winneshiek,15,1460562,7565494,2083066,528362,,9.51
2016,Woodbury,44,7563056,40652284,11009038,17283779,,13.43
2016,Worth,10,442846,4920045,1124681,468387,,10.23
2016,Wright,17,719337,4992396,1999572,82160,,9.12
2017,Adair,11,1597261,7560455,3891118,884478,,11.27
2017,Allamakee,16,1224477,5730526,1252530,1290584,,10.5
2017,Appanoose,9,416275,4152249,1768101,516483,,10.13
2017,Audubon,6,190108,2321556,1691741,743772,,11.89
2017,Benton,15,1072150,5645246,5688164,200882,,8.7
2017,Black Hawk,70,9128157,49211111,3892882,16084143,,12.92
2017,Boone,14,1197445,9011630,2097117,269320,,9.16
2017,Bremer,15,2133737,10317685,1650648,1794874,,11.39
2017,Buchanan,15,1763217,8317572,13785643,495907,,9
2017,Buena Vista,19,1001238,8268387,3036756,397274,,10.26
2017,Butler,12,814251,5320937,1215644,1370211,,10.77
2017,Calhoun,14,348096,4585895,932601,3269997,,17.68
2017,Carroll,24,1633263,8648839,11561431,669123,,10.49
2017,Cass,16,868673,7629513,4326076,1218245,,10.61
2017,Cedar,16,1465594,9155418,4122219,10345423,,24.79
2017,Cerro Gordo,26,4277734,28305089,1831527,18750110,,18.67
2017,Cherokee,12,643101,4205263,2340271,453179,,10.63
2017,Chickasaw,13,1340719,5987751,4167572,4307513,,15.3
2017,Clarke,8,1174040,6202129,2586068,7181931,,23.85
2017,Clay,18,698364,4974811,2910519,460112,,10.49
2017,Clayton,20,1301737,6672155,614854,1396826,,12.38
2017,Clinton,26,1830593,19611300,5654765,3212277,,12.55
2017,Crawford,12,852247,5084633,2097682,457913,,9.73
2017,Dallas,35,5508373,37109989,3169125,2113999,,10.41
2017,Delaware,9,1030780,5775175,1354327,932536,,10.68
2017,Des Moines,19,1334915,13858915,1755575,57563,,9.85
2017,Dickinson,21,2023647,7722396,1099543,65830,,8.34
2017,Dubuque,48,11311257,74337396,16809583,14422733,,10.13
2017,Emmet,9,353184,2995003,645043,0,,9.33
2017,Fayette,21,994336,6372528,2843635,340565,,9.21
2017,Floyd,14,889448,7783698,3126878,7873656,,21.57
2017,Franklin,11,395611,3886900,3133706,735175,,12.1
2017,Fremont,9,621548,7439288,1203249,16884463,,41.59
2017,Greene,10,273418,3826524,1173423,130742,,9.99
2017,Grundy,14,610351,6586875,5532817,2614707,,11.66
2017,Guthrie,12,598452,5266879,889577,7768626,,30.3
2017,Hamilton,17,782895,8781872,2678916,9393014,,24.19
2017,Hancock,11,442187,3185379,4100887,93014,,8.94
2017,Hardin,25,743541,7734718,6220238,282264,,9.88
2017,Harrison,18,1134050,8295052,4771353,1159901,,11.12
2017,Henry,14,949402,15244696,1761328,7938221,,16.64
2017,Howard,9,699857,3522422,2240970,1306937,,13
2017,Humboldt,13,544065,3762814,5193584,239745,,9.83
2017,Ida,12,394967,2672989,2700574,0,,12.32
2017,Iowa,138,9277052,50093059,43022172,18326107,,12.04
2017,Jackson,16,1161029,7468485,3136415,1951928,,13.41
2017,Jasper,26,1927123,16233833,4085014,14576861,,21.61
2017,Jefferson,16,864325,5450545,1641095,1300292,,12.36
2017,Johnson,51,6813180,45519191,2025147,2926132,,10.7
2017,Jones,10,997967,6917516,2595609,1049651,,9.75
2017,Keokuk,10,459328,4044062,1697542,701076,,11.98
2017,Kossuth,15,840651,6562558,10431907,592571,,10.58
2017,Lee,22,1789463,12613639,1537916,1297850,,9.29
2017,Linn,85,13475886,83850111,12996345,9523034,,11
2017,Louisa,9,574365,4528297,1298296,306963,,10.07
2017,Lucas,7,398337,2519183,221095,2152112,,13.85
2017,Lyon,10,652088,3877193,2265507,561912,,10.59
2017,Madison,12,889024,8336852,5717687,1598389,,12.76
2017,Mahaska,17,833347,10124257,2021572,1374209,,10.41
2017,Marion,25,1762490,13064191,6146605,244648,,10.43
2017,Marshall,21,2505061,12377867,2356778,1096729,,9.12
2017,Mills,9,622829,5090043,1586642,158446,,9.33
2017,Mitchell,10,618300,3429288,834664,150304,,10.92
2017,Monona,11,740799,5384517,1675491,2622342,,17.72
2017,Montgomery,8,575742,3425792,925132,758164,,11.09
2017,Muscatine,20,1906629,15196433,3864949,393386,,10.36
2017,OBrien,14,681412,5525936,2964955,188785,,9.76
2017,Osceola,7,243533,2413904,2716799,15396,,10.35
2017,Other,16,1154145,8330458,1563025,1256375,,10.2
2017,Page,7,552277,4898747,562766,72172,,9.09
2017,Palo Alto,8,350248,3625598,2100640,96047,,10.37
2017,Plymouth,18,1996077,8727139,10236326,1309916,,9.38
2017,Pocahontas,8,224814,2228442,437586,0,,9.4
2017,Polk,180,32404264,193991854,30581285,44982291,,13.16
2017,Pottawattamie,64,8802962,59289688,11530864,60519089,,21.7
2017,Poweshiek,19,1392103,12621773,1847310,21490833,,33.96
2017,Ringgold,7,171529,1574618,634889,1679226,,17.04
2017,Sac,14,595252,4824022,1621768,892477,,11.56
2017,Scott,76,5983064,74463682,8251309,46656395,,18.08
2017,Shelby,12,497451,4434840,3496473,242919,,10.32
2017,Sioux,28,2440923,9815402,12692808,1316262,,9.31
2017,Story,40,4565511,36522960,3554768,2830988,,13.14
2017,Tama,18,855503,7967743,3583213,97098,,9.9
2017,Taylor,7,257050,1925695,764808,233939,,10.66
2017,Union,11,520286,5030418,717865,736224,,10.57
2017,Van Buren,6,191950,1749393,353250,280601,,10.11
2017,Wapello,24,1843524,14539306,898914,3494778,,12.53
2017,Warren,28,2760969,20881611,2597570,1544794,,10.33
2017,Washington,17,1168078,8477363,3236526,7177276,,16.1
2017,Wayne,6,205594,1831731,321759,697438,,10.79
2017,Webster,34,1791354,17713615,3328802,1552030,,11.3
2017,Winnebago,13,465666,3662008,1999605,416033,,11.6
2017,Winneshiek,19,1439429,8596881,8330008,1260672,,11.46
2017,Woodbury,47,6427035,40439704,11363106,18974070,,15.33
2017,Worth,9,359316,4171869,720387,1073248,,13.83
2017,Wright,16,745381,4856305,2107603,167077,,9.31
2018,Adair,16,1577678,8095649,2691406,3899475,1371227,14.18
2018,Allamakee,16,1026861,5204653,2495267,1028528,683549,10.97
2018,Appanoose,13,508459,4675725,2130451,490763,526743,10.16
2018,Audubon,6,179302,2012770,2094837,337214,262556,11.98
2018,Benton,21,1682402,8398231,3751101,2040621,1115754,11.07
2018,Black Hawk,64,8380984,47373559,5950034,14337434,7465003,13.39
2018,Boone,11,1077028,8282330,3167410,546495,883494,9.44
2018,Bremer,15,2158858,9594852,1556083,1733809,1346934,11.46
2018,Buchanan,13,1416813,7560312,4177735,1643505,969983,10.81
2018,Buena Vista,26,1068712,8868390,3735178,451722,1063036,10.7
2018,Butler,14,917569,5722562,1053822,1470426,739146,11.13
2018,Calhoun,14,351885,4656692,1453065,3443652,926409,18.5
2018,Carroll,29,1537438,8631492,11231372,297070,1042567,10.25
2018,Cass,15,853632,7340243,5013563,644364,892277,10.89
2018,Cedar,16,1366610,9376042,5383370,10682734,2284580,21.27
2018,Cerro Gordo,25,4090648,27221857,3944758,16413857,5284249,16.88
2018,Cherokee,16,676449,4326269,3541826,488722,536146,10.72
2018,Chickasaw,13,1388944,6039272,5763110,3830771,1101995,14.84
2018,Clarke,9,1220210,6431950,1521992,8191873,1917562,25.06
2018,Clay,23,994757,5568870,3276629,698674,700469,10.67
2018,Clayton,22,1281085,7158813,856828,1345756,1073731,12.72
2018,Clinton,27,1846689,20905722,5575234,3237818,2840937,12.49
2018,Crawford,11,768377,4857757,2135814,340144,561641,9.98
2018,Dallas,39,6580128,37879579,6136243,4321056,4669910,10.5
2018,Decatur,6,532276,2572677,322362,290248,317889,10.24
2018,Delaware,16,1421016,5915316,5091474,708241,745360,10.16
2018,Des Moines,16,1175933,11703020,1040450,103313,1308426,10.16
2018,Dickinson,24,2280941,7908105,1787924,151637,872673,8.56
2018,Dubuque,57,11751430,73445453,7821968,22839883,9405429,11.04
2018,Emmet,8,361494,3117223,318345,88472,332853,9.57
2018,Fayette,13,866509,5059688,787162,452321,556477,9.39
2018,Floyd,13,696203,7442404,2852773,8855177,1970250,24.21
2018,Franklin,14,436844,4348548,4513298,880054,658884,13.77
2018,Fremont,6,241261,4359430,1249049,10157498,1901549,41.33
2018,Greene,11,230588,3493259,853719,1077010,486918,13.08
2018,Grundy,12,539724,5298453,4972975,2979724,725569,12.43
2018,Guthrie,12,388988,5122054,904536,7427999,1722780,31.26
2018,Hamilton,15,699185,8384126,3588102,10949044,2111938,23.25
2018,Hancock,14,932017,5022567,5270668,598382,594025,9.98
2018,Hardin,24,723338,7757629,5713557,1070766,1034351,12.2
2018,Harrison,15,957202,7452017,2940702,3480072,1139342,13.55
2018,Henry,11,855214,9068265,2085780,6027017,1899505,19.14
2018,Howard,8,739917,3413514,2156151,1224716,497434,11.98
2018,Humboldt,12,649212,4734929,3803183,554295,615022,11.42
2018,Ida,12,375874,2874104,2855894,50425,402957,12.4
2018,Iowa,128,6444665,51691026,15646300,19935628,7842124,13.49
2018,Jackson,13,1088637,6985937,3169101,1833327,977025,12.1
2018,Jasper,28,1959379,16531370,2962354,15837360,3962328,21.43
2018,Jefferson,11,746432,4287688,1071119,3209285,811711,16.12
2018,Johnson,54,7731403,45971704,2725159,3138589,5595720,10.42
2018,Jones,13,990798,8042350,2106999,1716844,1034818,11.46
2018,Keokuk,7,359942,2716269,1470939,341929,323291,10.51
2018,Kossuth,18,787186,6876657,8840346,482673,819781,10.7
2018,Lee,20,1663580,10276627,1322140,703082,1088665,9.12
2018,Linn,94,14152821,86090590,13858223,13397983,11548990,11.52
2018,Louisa,8,468160,3835693,44199,819810,515164,11.97
2018,Lucas,8,389706,2681149,639457,2410636,438880,14.29
2018,Lyon,14,758399,4459486,2901636,564628,540847,10.37
2018,Madison,11,863601,8044826,19732217,2087294,1172202,13.16
2018,Mahaska,15,708862,9340559,1459362,2188574,1149111,11.43
2018,Marion,21,1713270,13120286,5000384,1603851,1797262,12.12
2018,Marshall,22,2490273,12701161,2226148,2373206,1572638,10.35
2018,Mills,10,624194,5099491,1893064,724895,597159,10.43
2018,Mitchell,9,619259,3550147,412076,425693,484768,11.63
2018,Monona,11,920279,5192836,1576166,2818662,905224,14.81
2018,Monroe,5,349645,3306179,85329,466799,404515,11.06
2018,Montgomery,9,628268,3962431,2705684,538846,538011,11.72
2018,Muscatine,15,1575509,12754660,430340,939123,1600935,11.17
2018,OBrien,16,789270,5471812,1541373,225751,612226,9.78
2018,Osceola,8,227979,2420485,3214234,62635,296433,11.19
2018,Other,7,562548,2519137,989223,236438,288481,9.36
2018,Page,6,374977,4699375,951681,677833,555940,10.96
2018,Palo Alto,10,599581,3123112,2372180,96945,384040,10.32
2018,Plymouth,16,2493039,10452671,13910498,1964929,1335317,10.31
2018,Pocahontas,9,329485,2687541,6682556,65087,304671,10.1
2018,Polk,191,34079471,196268737,25459401,42241981,28059217,12.18
2018,Pottawattamie,57,8406046,54468006,11100747,50957955,13284293,21.13
2018,Poweshiek,21,1600909,12737139,3236216,21058988,4800251,33.48
2018,Ringgold,6,139508,1245228,425642,483123,206798,14.93
2018,Sac,15,510870,4645797,1587676,1080938,631644,12.25
2018,Scott,91,6012589,88505697,5086030,57367695,17721447,18.75
2018,Shelby,14,485963,4567431,2351336,1254734,594968,11.77
2018,Sioux,22,1965425,8620739,8010066,1000639,1013748,9.58
2018,Story,42,4717073,34832274,1112230,3592248,4213724,10.65
2018,Tama,17,789638,6753530,3312459,1371491,936155,12.41
2018,Taylor,8,203647,1774519,911797,118019,200961,10.16
2018,Union,14,551005,5230335,1304314,962373,641874,11.1
2018,Van Buren,5,149550,1149460,679061,152471,127048,9.78
2018,Wapello,24,1966433,14573697,421869,3518438,2102485,12.71
2018,Warren,29,2816295,20638248,1155881,2359609,2465148,10.51
2018,Washington,14,1674515,6558716,3801356,1787961,940757,11.43
2018,Wayne,9,445181,2009152,1097592,1293916,278996,11.37
2018,Webster,31,1680376,16242192,2716271,1670269,2012272,11.23
2018,Winnebago,16,522486,4051596,1861450,490572,533429,11.66
2018,Winneshiek,19,1236465,8840117,7530865,1483148,1242830,12.33
2018,Woodbury,52,7929896,39579123,9110235,18859807,7160159,15.07
2018,Worth,8,415913,4499214,626643,1492187,654777,13.32
2018,Wright,19,797856,5320144,2778150,500745,594705,9.72
2019,Adair,19,1514877,7373322,2887239,4369693,1435742,16.15
2019,Allamakee,14,1034342,5449497,3043798,1348849,787032,12.14
2019,Appanoose,14,609674,4878961,1699712,471242,627099,11.43
2019,Audubon,7,218790,2233214,2031189,1000991,415575,16.95
2019,Benton,20,1128172,8651617,3256430,1920041,1196079,12.23
2019,Black Hawk,70,8435653,48668188,2389641,15362828,7819858,13.69
2019,Boone,11,909637,7439454,2666198,4210644,994294,11.91
2019,Bremer,16,2047046,9257307,1351028,2126179,1386686,12.27
2019,Buchanan,17,1436454,8344069,1665498,1279091,1034218,10.57
2019,Buena Vista,26,1170763,8463945,3657702,1623560,1146731,11.9
2019,Butler,14,959353,5625105,3167816,1098663,778734,11.83
2019,Calhoun,14,345268,4697230,560285,5621262,1029911,20.42
2019,Carroll,28,1395926,9377142,12025571,676922,1168755,10.85
2019,Cass,15,850691,7053012,4690040,938766,849959,10.75
2019,Cedar,17,1495529,12035450,6420562,8376303,2562524,18.94
2019,Cerro Gordo,27,4510900,25753632,11810230,14779193,5159753,17.05
2019,Cherokee,15,632394,4522054,3723490,141467,526181,10.21
2019,Chickasaw,12,1375316,5899355,4898456,3674367,1071028,14.72
2019,Clarke,11,1313684,6927645,1495674,9237860,2095009,25.42
2019,Clay,23,988893,5733043,2666033,818397,730030,10.86
2019,Clayton,20,1235335,6863799,438963,1635414,1033151,12.76
2019,Clinton,27,1855636,21013880,4275572,3924597,2998492,13.11
2019,Crawford,11,685662,4696866,2372882,1159399,587729,10.92
2019,Dallas,38,5663862,33949381,6856383,8349685,5143083,12.98
2019,Decatur,5,462175,2536538,122024,329662,335839,11.2
2019,Delaware,20,1348578,6620870,4695797,998075,872225,10.94
2019,Des Moines,18,1447006,13638512,851663,221624,1534935,10.17
2019,Dickinson,24,1831118,8285092,1073380,347562,929660,9.19
2019,Dubuque,59,11244029,74845999,8384798,21090539,9458252,10.99
2019,Emmet,9,340927,3201126,282494,218717,366322,10.34
2019,Fayette,16,747115,5881695,131786,605944,679316,10.25
2019,Floyd,13,2032570,6339707,2818755,10510053,2084714,24.9
2019,Franklin,13,505262,5454073,4464148,1292645,860627,14.44
2019,Fremont,7,322517,4824297,1368121,8444894,1772765,34.44
2019,Greene,10,260879,3963340,388218,2363577,603951,14.3
2019,Grundy,14,510325,5203058,6115775,2020936,821789,14.38
2019,Guthrie,12,436272,4927800,943644,7596158,1603659,29.9
2019,Hamilton,15,2031489,6494904,1421414,9130096,2088425,24.49
2019,Hancock,7,444247,3838558,1020488,1562677,679320,15.86
2019,Hardin,23,1415307,11239565,5891884,2383633,1801900,14.24
2019,Harrison,14,888667,6451811,3977044,3743074,1057604,14.41
2019,Henry,8,589130,7968021,550501,5817135,1625663,19
2019,Howard,8,722237,3690990,1736352,1412386,561132,12.71
2019,Humboldt,12,737723,4618018,4896370,388171,546819,10.21
2019,Ida,11,575713,3308569,3084821,253204,451734,11.63
2019,Iowa,105,5392393,40899738,19821570,13682896,5799884,12.53
2019,Jackson,13,1044209,6966735,347398,2327083,1145409,14.3
2019,Jasper,27,2025186,16750397,2718514,16317667,4201497,22.38
2019,Jefferson,16,843500,5104688,1269128,1240398,702516,11.81
2019,Johnson,57,9947296,49047629,8595812,1511062,5558299,9.42
2019,Jones,10,734378,6420338,1843382,735953,744439,10.4
2019,Keokuk,7,337037,2847667,1475707,382469,343902,10.8
2019,Kossuth,12,427936,4679543,2248898,423522,566717,11.1
2019,Lee,17,1624505,9987312,1308646,578829,1054171,9.08
2019,Linn,91,12993565,81690866,9578841,11416944,11073503,11.7
2019,Louisa,8,470974,3700955,729835,703001,482508,11.57
2019,Lucas,7,432845,2566601,663107,4230789,530457,17.69
2019,Lyon,13,862855,4506353,3184119,580751,533196,9.93
2019,Madison,12,810185,6730248,5697562,1215494,863740,11.45
2019,Mahaska,17,928817,10378750,1812730,2163242,1321416,11.69
2019,Marion,21,1818727,13353905,4976158,1791891,1832393,12.08
2019,Marshall,22,2131496,12002906,1394083,2778166,1590770,11.25
2019,Mills,11,1003164,4906542,2002677,436226,599112,10.14
2019,Mitchell,9,555405,3486591,705208,496547,491896,12.17
2019,Monona,12,611589,4915356,1720364,1292459,724772,13.11
2019,Monroe,5,365306,3456608,171741,505597,400806,10.49
2019,Montgomery,7,511588,3414451,268693,647730,433411,11.04
2019,Muscatine,15,1635317,12395366,332705,1486218,1698319,12.1
2019,OBrien,17,759466,5274085,1501649,311687,602190,9.36
2019,Osceola,10,228919,2456360,3345516,821289,342040,12.74
2019,Other,11,565395,4005878,1036108,938232,505303,11.05
2019,Page,6,354784,5054917,1833328,808538,588498,10.88
2019,Palo Alto,12,441899,4068726,3487142,121106,471918,10.46
2019,Plymouth,18,2593711,11085217,14283421,2376011,1500323,10.97
2019,Pocahontas,5,166052,1827783,109131,97252,196588,9.86
2019,Polk,198,34972248,193531597,26874086,66792202,30927502,13.53
2019,Pottawattamie,64,10591183,48766390,14070168,53748590,13453538,22.67
2019,Poweshiek,24,2892244,13216039,3454599,23800210,5215782,32.38
2019,Ringgold,6,177212,1419494,616935,1439752,272701,17.08
2019,Sac,12,519903,4629909,1478242,1208330,624292,12.12
2019,Scott,106,8812794,99949340,4811561,50724343,18240320,16.77
2019,Shelby,11,471099,4191902,2400531,1441709,545372,11.7
2019,Sioux,21,1977379,9312467,10349032,627945,1086827,9.63
2019,Story,41,5554936,36393928,1832390,5267734,4877388,11.63
2019,Tama,18,836265,6753162,3034750,1045655,888392,11.71
2019,Union,10,491485,4672193,931579,530361,571637,11.07
2019,Wapello,25,2105566,14714800,988873,3993596,2150645,12.79
2019,Warren,28,3005102,21407775,780117,2719041,2694895,11.04
2019,Washington,14,740740,13513030,1979859,1595290,1590542,11.16
2019,Wayne,7,196707,2629168,292576,1431427,359623,12.73
2019,Webster,33,1799828,16787399,1786735,3631043,2414829,12.99
2019,Winnebago,15,534733,3884472,1927263,160618,476637,10.79
2019,Winneshiek,18,1304814,8824945,8789192,2005251,1305864,12.89
2019,Woodbury,46,9471223,38627416,11297865,24287907,7987227,16.61
2019,Worth,9,1051963,3146485,843237,1097325,532919,12.69
2019,Wright,17,715976,4779953,1188371,280088,530169,9.65
2020,Adair,11,1244749,5688645,1535290,1638904,854685,12.33
2020,Allamakee,16,948629,4927601,2090054,1033233,688357,11.71
2020,Appanoose,9,622179,4292707,2511573,486187,570132,11.6
2020,Audubon,6,216937,2069131,1954005,1099624,397181,17.37
2020,Benton,24,1304575,6379548,4298919,1763724,1145213,14.9
2020,Black Hawk,62,8078572,44631343,4273224,20270961,8206938,15.57
2020,Boone,14,982626,6984086,1795127,2547797,860053,10.8
2020,Bremer,17,2003988,8776444,1455228,1778414,1262489,11.71
2020,Buchanan,13,1153339,6247188,1375353,1038766,831841,11.24
2020,Buena Vista,24,988329,6994308,3330527,1480025,951586,11.92
2020,Butler,11,941159,4873912,1446369,845222,650808,11.19
2020,Calhoun,14,320836,3337306,440885,4434481,734451,20.08
2020,Carroll,25,1410771,8070044,11124128,637437,980060,10.34
2020,Cass,15,744675,5744374,4432374,482342,630007,9.71
2020,Cedar,14,1541478,10573151,5749327,7735486,2290924,18.91
2020,Cerro Gordo,30,4224483,22055998,6930324,13761212,4629672,17.62
2020,Cherokee,15,665847,4031730,3797438,409183,462404,9.84
2020,Chickasaw,12,1274976,5409501,5175421,3737740,977233,14.62
2020,Clarke,8,1129352,6330592,101427,8648861,1882324,25.23
2020,Clay,17,827383,5078461,1059809,722963,610848,10.34
2020,Clayton,21,1479968,6184658,2836760,1439159,986861,12.88
2020,Clinton,30,3219904,17625909,4341713,5133093,2712211,13.01
2020,Crawford,13,660554,4163210,2274638,1184451,513608,10.65
2020,Dallas,41,5441218,31105799,7538201,7651638,4631265,12.67
2020,Davis,5,211828,1629981,824133,449426,186117,10.11
2020,Decatur,5,375314,2287871,273038,461879,305095,11.46
2020,Delaware,13,1031941,5035342,1371233,1142670,742238,12.23
2020,Des Moines,17,1930128,12730245,552756,185998,1426667,9.73
2020,Dickinson,22,2180042,7759788,1286591,503387,913112,9.19
2020,Dubuque,45,8354521,45340172,7336881,17032014,5998155,11.17
2020,Emmet,7,319018,2858893,94663,493032,406305,12.79
2020,Fayette,16,731264,6401240,426933,371724,693548,9.72
2020,Floyd,13,1854639,5125293,2488370,8935895,1732272,24.82
2020,Franklin,11,457666,4444711,2935871,1063218,694054,14.16
2020,Fremont,6,341377,4556546,946065,13926447,2486487,50.77
2020,Greene,12,342558,3966820,502890,2321418,585801,13.59
2020,Grundy,13,654695,4609734,4283241,124718,489793,9.3
2020,Guthrie,11,510532,3340021,802738,6692920,1271928,33.03
2020,Hamilton,15,2044129,6139063,2804741,10952072,2323029,28.39
2020,Hancock,7,344438,2860362,169583,1409933,547229,17.08
2020,Hardin,25,1462869,10784883,6329795,2218664,1647833,13.45
2020,Harrison,11,556946,4686596,2251786,2288212,684695,13.06
2020,Henry,18,1114221,16090086,2914317,13666475,3594194,20.89
2020,Howard,12,730537,3770216,1883978,1383783,560736,12.46
2020,Humboldt,11,678865,3844555,3542200,324915,445721,9.85
2020,Ida,9,401697,2631116,1835368,31913,301551,9.94
2020,Iowa,33,2563741,11532490,7166549,1909580,1498387,10.63
2020,Jackson,17,1272388,7640509,894843,2201313,1210789,13.58
2020,Jasper,24,4005343,13248538,2046241,17756986,3747334,21.72
2020,Jefferson,14,836981,4442814,1443302,1082087,610755,11.57
2020,Johnson,52,9276449,36427857,4428953,3150452,4321347,9.46
2020,Jones,11,951875,6404713,1841954,1460877,848299,11.53
2020,Keokuk,10,516622,3962091,1535948,909341,565939,12.64
2020,Kossuth,12,576506,4651778,2695950,336693,540228,10.33
2020,Lee,19,1564524,9608748,1618211,479079,1024024,9.16
2020,Linn,91,12763911,71312015,10386785,11967596,10042449,11.94
2020,Louisa,8,445052,3189031,392665,463217,402441,11.07
2020,Lucas,7,453305,2641120,695597,1946060,423170,13.68
2020,Lyon,13,715682,4249705,3816666,583339,505129,10.17
2020,Madison,13,795786,6731336,6728104,1006711,851810,11.32
2020,Mahaska,16,1391003,9329317,1855202,1917617,1217716,11.36
2020,Marion,19,1916520,12405178,5051383,1392285,1562847,10.91
2020,Marshall,25,2759354,10944518,2078826,2415980,1481018,10.81
2020,Mills,10,688891,4688104,2531018,639866,606592,11.28
2020,Mitchell,9,617709,3510560,3002662,451217,464508,11.25
2020,Monona,10,466581,4008186,1578150,373538,514321,11.49
2020,Monroe,5,379033,3174746,42964,409359,390829,11
2020,Montgomery,8,568038,3298231,4135000,72588,375442,9.36
2020,Muscatine,16,1535071,11755881,447232,1289268,1594067,11.99
2020,OBrien,21,776960,5751864,4783053,340073,675686,10.35
2020,Osceola,8,191190,1355276,267502,660568,173622,11.23
2020,Other,8,372277,2754038,824559,775074,373250,11.94
2020,Page,7,398306,4850265,2160908,525932,630637,12.02
2020,Palo Alto,6,319758,2818420,1098535,87698,294295,9.38
2020,Plymouth,16,2280440,9162506,14674889,1360141,1181393,10.32
2020,Pocahontas,6,474384,3150460,8685122,124718,350774,9.68
2020,Polk,198,30949625,163247695,22692805,55926584,26166863,13.47
2020,Pottawattamie,52,8273232,44065836,10311108,58948417,13465944,25.73
2020,Poweshiek,24,1924623,12751269,5909079,35403680,6890264,46.95
2020,Ringgold,7,271215,1816642,706637,1489004,346010,16.57
2020,Sac,15,532437,3950784,1271086,655520,478731,10.68
2020,Scott,91,9912938,78497566,2572829,52410915,16324278,18.46
2020,Shelby,14,452203,4128510,3709285,3485909,855136,18.67
2020,Sioux,22,1916338,8325319,9592157,434824,925328,9.03
2020,Story,43,4812421,30946502,1897972,5019930,4198641,11.74
2020,Tama,19,981189,6246744,3153144,513996,740573,10.25
2020,Union,13,708233,4775881,1030814,900365,644553,11.75
2020,Van Buren,8,504816,2080285,1040247,213887,230057,8.9
2020,Wapello,24,2134399,13343632,393969,3608416,1946468,12.58
2020,Warren,30,2879005,18516658,647905,2210845,2308917,10.79
2020,Washington,17,1059560,7361218,3080915,5404818,1278648,15.18
2020,Wayne,7,243959,2060151,367789,1658919,313259,13.6
2020,Webster,30,1633290,15362406,1968055,3793012,2249745,13.24
2020,Winnebago,14,328706,3516897,1992932,378706,477992,12.43
2020,Winneshiek,17,1534310,7878708,7018509,1972882,1148533,12.2
2020,Woodbury,37,7455512,33198987,9783254,24774864,7383149,18.16
2020,Worth,9,375486,3032438,1406312,145253,413476,12.13
2020,Wright,18,711491,4481139,3095884,278176,488118,9.4
2021,Adair,11,1042806,5373991,930753,6240679,1354323,21.11
2021,Adams,,133535,1348849,241289,79046,174951,11.8
2021,Allamakee,9,870411,4755045,1523722,1240414,763166,13.57
2021,Appanoose,,393175,2929518,1523633,159406,389473,11.72
2021,Audubon,6,202273,2053504,1980763,1412213,484774,21.49
2021,Benton,18,1057333,6642405,2279597,1536825,980835,12.74
2021,Black Hawk,55,6666668,51447315,2727434,16843653,8460977,14.56
2021,Boone,8,870532,6332039,1466715,184383,659318,9.15
2021,Bremer,14,1934895,8842981,1205905,1926785,1275469,11.83
2021,Buchanan,10,1057226,5793093,1080089,860683,766858,11.19
2021,Buena Vista,22,978358,7316058,3204935,767280,975599,11.76
2021,Butler,12,1023150,4937786,1703095,616455,614027,10.3
2021,Calhoun,14,382772,4044050,545473,4287767,844805,19.08
2021,Carroll,20,1063845,7501687,5645889,700523,978031,11.42
2021,Cass,16,913747,6814227,7044564,337769,956924,12.38
2021,Cedar,11,893998,6451862,4794779,7522256,1826372,24.86
2021,Cerro Gordo,21,2826134,21557732,4962398,12030906,4344585,17.82
2021,Cherokee,13,592405,3860410,2429170,238642,456877,10.26
2021,Chickasaw,8,910423,4367331,159672,1232988,594510,11.26
2021,Clarke,8,1285092,6099606,390178,7885334,1866667,25.28
2021,Clay,14,1075400,6913686,1464278,586904,797176,9.98
2021,Clayton,14,1081731,4781873,154237,1598510,764513,13.04
2021,Clinton,25,1755921,18627468,4705718,3312957,2572744,12.62
2021,Crawford,10,662913,3900224,1655563,1399112,511670,11.21
2021,Dallas,29,4144941,19318929,5979455,1760109,2226876,9.49
2021,Davis,,363648,1592702,833382,333231,189020,9.66
2021,Decatur,,110640,1579973,177878,903289,210706,12.46
2021,Delaware,8,1480724,5462934,3496164,1073597,777482,11.2
2021,Des Moines,17,1362269,13867497,804185,44957,1550642,10.18
2021,Dickinson,14,1462703,6014628,309508,585625,724119,9.68
2021,Dubuque,41,7768128,47769704,994069,6959598,5954122,10.72
2021,Emmet,7,309747,3071480,237689,452842,417261,12.34
2021,Fayette,10,1113879,4134781,208942,382137,463087,8.82
2021,Floyd,9,550639,4763556,2126153,1194388,729917,13.74
2021,Franklin,8,267158,3501438,2759733,967221,594115,15.76
2021,Fremont,7,1278224,5045120,1446757,15694926,2890845,45.72
2021,Greene,10,282445,3717988,397341,2008034,557549,13.94
2021,Grundy,11,606889,4793479,3735203,31319,508080,9.41
2021,Guthrie,11,492215,4982585,1002219,6534362,1526395,27.88
2021,Hamilton,11,492212,5600118,1014079,2272328,963145,15.81
2021,Hancock,8,355887,2907954,391016,1188420,484717,14.85
2021,Hardin,19,614441,6360767,4898455,1045494,856015,12.27
2021,Harrison,11,677301,4008622,2207645,1338043,496031,10.59
2021,Henry,14,1238317,15313264,2205924,6915829,2673175,16.15
2021,Howard,10,756535,4246194,1807466,1393225,651210,13.02
2021,Humboldt,9,597993,3687789,3234589,289185,441499,10.3
2021,Ida,8,366849,2483762,1644784,52625,317200,11.13
2021,Iowa,160,31192310,179475436,73262856,106877625,39782665,18.88
2021,Jackson,12,997927,5970362,266250,2264028,929716,13.34
2021,Jasper,19,1727690,12368604,1366226,1020319,1532799,10.87
2021,Jefferson,13,702808,3836964,1180209,986467,536998,11.83
2021,Johnson,40,5773557,25610893,2430453,2358745,2927887,9.33
2021,Jones,10,1002405,6851680,2202277,1072049,837397,10.66
2021,Keokuk,9,467751,3667934,1534860,828272,525118,12.7
2021,Kossuth,9,309359,3756495,636689,243727,453349,11.15
2021,Lee,18,1561083,10002841,3018785,565187,1029971,8.91
2021,Linn,76,11635930,73668927,3575122,21277980,11205541,13.14
2021,Louisa,6,368582,2503381,772756,286533,294763,10.26
2021,Lucas,6,461115,2755280,626513,1868179,421180,13.09
2021,Lyon,6,398195,2442512,1508067,635238,309230,10.89
2021,Madison,7,518387,5776235,17680982,467676,701198,11.14
2021,Mahaska,11,792774,8216196,1574743,1492404,984750,10.93
2021,Marion,17,1706620,11797973,4596215,789231,1463562,10.84
2021,Marshall,17,2201915,10167418,1836348,407827,1221075,9.87
2021,Mills,10,854644,5771950,4172856,1119710,800799,12.08
2021,Mitchell,9,791352,3222103,3016775,320549,442588,11.03
2021,Monona,7,606192,4292226,1534419,1239179,632150,12.91
2021,Monroe,,369370,2942675,0,261046,341890,10.32
2021,Montgomery,7,564162,3433117,2670265,679551,472149,11.81
2021,Muscatine,14,1178527,8837545,543519,273907,1027502,10.26
2021,OBrien,12,612521,3503214,487229,84390,393094,9.55
2021,Osceola,,162247,853876,54913,981019,146153,14.38
2021,Page,8,572947,5240464,1092382,1265013,610602,10.5
2021,Palo Alto,6,262884,2849624,886043,374023,353872,11.37
2021,Plymouth,12,2344688,9689601,14623834,1347481,1269334,10.55
2021,Pocahontas,,171202,2089399,275620,27433,290525,12.85
2021,Polk,122,23285527,146909546,17160574,36254399,20805288,12.22
2021,Pottawattamie,34,4157787,30960784,7681044,26060374,7257108,20.66
2021,Poweshiek,18,1032075,10106796,4947874,24380974,4920769,44.18
2021,Ringgold,6,268693,1909819,860200,1274593,342597,15.73
2021,Sac,13,483631,4420500,1318705,1138869,612905,12.5
2021,Scott,155,6951861,87946318,4338954,47106843,16916609,17.83
2021,Shelby,8,314750,2470996,4436033,1864945,501974,18.02
2021,Sioux,17,1373904,6610542,4332591,718524,781850,9.79
2021,Story,24,3104300,28359418,1110156,7665908,3942117,12.53
2021,Tama,16,1050170,6656572,3003621,324889,791985,10.28
2021,Taylor,,235963,1596703,471259,1106171,276093,15.07
2021,Union,10,664830,4640145,840128,852284,624449,11.77
2021,Van Buren,6,221961,1915166,400697,50012,196576,9.2
2021,Wapello,19,1792435,12351772,872250,6571858,2048838,14.49
2021,Warren,22,2162988,14190837,404409,772020,1548414,9.47
2021,Washington,13,1066245,7218707,2948870,5292012,1246752,15.05
2021,Wayne,,153269,1993967,54262,651222,239133,11.14
2021,Webster,28,1504689,15083802,1403541,3134486,2051881,12.37
2021,Winnebago,10,427588,3772089,1851351,530502,522541,12.44
2021,Winneshiek,12,1023026,7318605,2977405,949760,932680,11.18
2021,Woodbury,21,4489070,33666978,4970028,9789092,4996766,13.1
2021,Worth,,199822,1162731,592757,105924,132162,9.7
2021,Wright,14,507830,3891264,3206524,128911,420278,9.55
2022,Adair,8,608947,4563682,2824131,720912,642603,12
2022,Adams,,106845,1348137,126673,183143,202876,14
2022,Allamakee,16,778741,5530219,2704131,1272304,963893,15
2022,Appanoose,7,394735,3519549,1725428,405017,550042,14
2022,Audubon,6,212417,2193847,2210342,929879,445896,19
2022,Benton,24,1127005,9225597,2876035,2842460,1552687,15
2022,Black Hawk,61,5742172,43769767,3430681,23744839,9047816,18
2022,Boone,11,808010,7156304,3004711,547627,801991,10
2022,Bremer,13,1586047,9051114,1091626,2189255,1390927,13
2022,Buchanan,11,941893,6223643,1201577,2132896,1089123,15
2022,Buena Vista,23,834312,7645818,4318975,559187,1117659,13
2022,Butler,12,818899,4912462,1545741,1186206,707068,12
2022,Calhoun,12,324228,3729959,513439,1059397,604104,15
2022,Carroll,23,1124845,9139105,10924452,995169,1280952,12
2022,Cass,12,704915,5938009,6689245,324032,749878,11
2022,Cedar,13,904817,7778036,6865612,9208928,2049530,24
2022,Cerro Gordo,25,2725688,22336288,13860521,6846823,3795733,15
2022,Cherokee,13,489653,3860576,2523929,804103,580336,13
2022,Chickasaw,10,1536899,5178112,5275029,3317193,929976,14
2022,Clarke,8,1110102,5890802,906838,8633754,1985270,28
2022,Clay,17,944024,10268839,1451317,687819,1216511,11
2022,Clayton,21,1118956,6795737,2191457,1313069,979689,12
2022,Clinton,28,3864162,18716866,4038386,5018786,2738833,12
2022,Crawford,9,541246,4256321,2375852,127224,497299,10
2022,Dallas,38,4077357,31927924,6977763,4473506,4020669,11
2022,Davis,,217994,1613940,789795,934635,200509,11
2022,Decatur,,101439,1578652,290078,841032,220216,13
2022,Delaware,9,858525,4782209,596514,2534351,995877,18
2022,Des Moines,17,1115430,13089831,740876,245076,1536616,11
2022,Dickinson,17,1512699,7315198,794198,743159,906052,10
2022,Dubuque,47,6153434,34489749,6497929,14036997,4805418,12
2022,Emmet,7,291963,3034339,743340,84713,379385,11
2022,Fayette,13,553204,4826028,295713,595168,593000,11
2022,Floyd,12,593836,5668109,2417318,8552332,1882320,30
2022,Franklin,8,801587,3419149,2231466,1291884,700459,17
2022,Fremont,8,978826,6089336,1588281,13765227,2621879,37
2022,Greene,10,194336,3310857,577170,1176690,488176,14
2022,Grundy,11,535859,4889024,3547310,172116,568111,10
2022,Guthrie,11,764904,5147027,715091,5972664,1615265,27
2022,Hamilton,12,380690,6972369,1920620,17488572,3346970,46
2022,Hancock,8,428725,3391443,1277378,1262697,588111,15
2022,Hardin,22,580542,6554677,5819514,522161,822770,12
2022,Harrison,12,646376,4653081,2061631,445655,540744,10
2022,Henry,16,1147458,17266956,2508688,10045885,3617042,20
2022,Howard,12,720151,4863409,1977423,1809015,837033,15
2022,Humboldt,11,505046,3937117,4144824,379186,506301,11
2022,Ida,11,295542,3700139,2768239,266185,530104,13
2022,Iowa,37,1694203,10932287,7984120,2154735,1617436,13
2022,Jackson,13,778750,6348725,2936333,2472005,1081712,15
2022,Jasper,29,2017390,15826243,1730611,19021909,4905911,27
2022,Jefferson,15,673620,4802622,1333546,1191106,723609,13
2022,Johnson,44,5927261,34916249,3836196,2929002,4131926,10
2022,Jones,10,811905,6593746,2058842,1475988,892978,12
2022,Keokuk,9,412539,3908824,2155215,923639,579993,13
2022,Kossuth,12,377166,4569563,1846607,191782,577382,12
2022,Lee,25,1306101,11643931,3357078,419417,1214967,9
2022,Linn,87,12990919,73339347,9984545,29397428,12982170,15
2022,Louisa,8,388531,3137378,1257245,617960,464509,13
2022,Lucas,6,408992,2557748,646951,2693952,451450,15
2022,Lyon,12,412161,4610397,3680154,478632,530137,11
2022,Madison,8,444958,6507413,19758610,767409,842340,12
2022,Mahaska,13,593274,8265130,885636,717757,1065801,12
2022,Marion,22,1830830,12343224,4693403,1698922,1787718,13
2022,Marshall,20,2187954,11468918,1809590,1183888,1613770,12
2022,Mills,9,642957,5336980,3223471,6300236,1602918,27
2022,Mitchell,9,379396,3162176,1982069,411491,531906,15
2022,Monona,7,490842,3876064,1092932,1119443,738402,17
2022,Monroe,,294993,3413909,313979,293837,486654,13
2022,Montgomery,8,546896,4137184,1772217,1564098,636863,14
2022,Muscatine,15,992379,9007108,224779,1045814,1223315,12
2022,OBrien,18,652977,6388576,3184726,737879,903347,13
2022,Osceola,7,180179,2469340,3781668,0,325277,12
2022,Page,7,449569,4057737,2117854,237230,469586,10
2022,Palo Alto,8,232164,2990608,2284996,60920,368000,11
2022,Plymouth,17,1988553,11231435,17236510,1783229,1561159,12
2022,Pocahontas,6,377863,3098958,8380318,185012,377667,11
2022,Polk,170,23834475,148387506,15736333,54861775,24707215,14
2022,Pottawattamie,40,6494411,37831366,25007668,44560474,10943444,25
2022,Poweshiek,19,1099520,8057250,6041533,16505787,3036638,33
2022,Ringgold,6,212800,2010420,534663,1771292,470627,21
2022,Sac,14,422782,4491161,1355455,2451074,859227,17
2022,Scott,83,15788694,84179581,6484316,66877090,19741300,20
2022,Shelby,,291646,3232408,4567931,2495802,767174,22
2022,Sioux,26,3078250,16488437,26340078,786022,2019024,10
2022,Story,36,3813600,18069971,1102488,11197184,3406123,16
2022,Tama,16,907882,7287340,3034783,1941770,1109554,14
2022,Taylor,7,197363,1867529,657351,903145,317172,15
2022,Union,10,561687,4841642,1106496,1391862,800251,15
2022,Van Buren,7,162093,2218170,967889,112879,354415,15
2022,Wapello,20,1648332,12756088,757914,7189816,2139857,15
2022,Warren,23,1807249,15434061,735086,1675966,1877322,11
2022,Washington,14,839670,7853517,3338834,5589472,1500082,17
2022,Wayne,,117498,1819925,597713,315242,225357,12
2022,Webster,27,1402457,15080477,1295709,3017998,2253936,14
2022,Winnebago,10,366486,3971309,1466744,647976,601180,14
2022,Winneshiek,16,929490,8108422,6418170,1257895,1114006,12
2022,Woodbury,37,4513733,30361445,7722465,19074435,6201216,18
2022,Worth,7,295783,3150889,1289967,105369,355295,10
2022,Wright,14,505965,3978543,3503292,197417,455224,10
